Path;SteerAngle;Throttle;Brake;Speed;X_Position;Y_Position;Pitch;Yaw;Roll
data/IMG/robocam_2020_09_03_08_41_35_621.jpg;0;0;1;0;99.66998;85.58899;0.0002363886;38.06384;4.793709E-06
data/IMG/robocam_2020_09_03_08_41_35_663.jpg;0;0;0;0;99.66998;85.58899;0.0002364403;38.06384;5.175013E-06
data/IMG/robocam_2020_09_03_08_41_35_713.jpg;0;0;0;0;99.66998;85.58899;0.0002365879;38.06384;5.603033E-06
data/IMG/robocam_2020_09_03_08_41_35_763.jpg;0;0;0;0;99.66998;85.58899;0.0002366864;38.06384;5.888395E-06
data/IMG/robocam_2020_09_03_08_41_35_813.jpg;0;0;0;0;99.66998;85.58899;0.0002369041;38.06384;6.172506E-06
data/IMG/robocam_2020_09_03_08_41_35_862.jpg;0;0;0;0;99.66998;85.58899;0.0002370493;38.06384;6.361907E-06
data/IMG/robocam_2020_09_03_08_41_35_912.jpg;0;0;0;0;99.66998;85.58899;0.0002373138;38.06384;6.550071E-06
data/IMG/robocam_2020_09_03_08_41_35_962.jpg;0;0;0;0;99.66998;85.58899;0.0002375057;38.06384;6.64353E-06
data/IMG/robocam_2020_09_03_08_41_36_013.jpg;-1.036205;0;0;0;99.66998;85.58899;0.0002366993;38.05833;5.60941E-06
data/IMG/robocam_2020_09_03_08_41_36_063.jpg;0.9931111;0;0;0;99.66998;85.58899;0.0002357931;38.11508;4.931358E-06
data/IMG/robocam_2020_09_03_08_41_36_113.jpg;3.992093;0;0;0;99.66998;85.58899;0.0002349897;38.65254;1.653125E-06
data/IMG/robocam_2020_09_03_08_41_36_164.jpg;5.991476;0;0;0;99.66998;85.58899;0.0002346482;39.37153;-1.815487E-06
data/IMG/robocam_2020_09_03_08_41_36_213.jpg;5.970719;0;0;0;99.66998;85.58899;0.0002325117;40.56862;-6.821382E-06
data/IMG/robocam_2020_09_03_08_41_36_264.jpg;2.943778;0;0;0;99.66998;85.58899;0.0002320665;40.98177;-8.37854E-06
data/IMG/robocam_2020_09_03_08_41_36_313.jpg;0;0;0;0;99.66998;85.58899;0.000231855;41.15482;-8.29173E-06
data/IMG/robocam_2020_09_03_08_41_36_363.jpg;0;0;0;0;99.66998;85.58899;0.0002322704;41.15482;-7.399818E-06
data/IMG/robocam_2020_09_03_08_41_36_413.jpg;0;0;0;0;99.66998;85.58899;0.0002328141;41.15482;-6.273892E-06
data/IMG/robocam_2020_09_03_08_41_36_463.jpg;0;0;0;0;99.66998;85.58899;0.0002331765;41.15482;-5.523278E-06
data/IMG/robocam_2020_09_03_08_41_36_514.jpg;-1.950717;0;0;0;99.66998;85.58899;0.0002327121;40.97979;-4.150982E-06
data/IMG/robocam_2020_09_03_08_41_36_563.jpg;-2.060759;0;0;0;99.66998;85.58899;0.0002315389;40.67527;-2.725409E-06
data/IMG/robocam_2020_09_03_08_41_36_613.jpg;0;0;0;0;99.66998;85.58899;0.00023143;40.60883;-1.584743E-06
data/IMG/robocam_2020_09_03_08_41_36_664.jpg;0;0;0;0;99.66998;85.58899;0.0002314456;40.60883;-1.107726E-06
data/IMG/robocam_2020_09_03_08_41_36_713.jpg;0;0;0;0;99.66998;85.58899;0.0002314689;40.60883;-3.92201E-07
data/IMG/robocam_2020_09_03_08_41_36_763.jpg;0;0;0;0;99.66998;85.58899;0.0002314845;40.60883;8.48289E-08
data/IMG/robocam_2020_09_03_08_41_36_812.jpg;0;0;0;0;99.66998;85.58899;0.0002318356;40.60883;5.986486E-07
data/IMG/robocam_2020_09_03_08_41_36_862.jpg;0;0;0;0;99.66998;85.58899;0.0002321788;40.60883;8.739664E-07
data/IMG/robocam_2020_09_03_08_41_36_913.jpg;0;0;0;0;99.66998;85.58899;0.0002326937;40.60883;1.286933E-06
data/IMG/robocam_2020_09_03_08_41_36_963.jpg;0;0;0;0;99.66998;85.58899;0.000233037;40.60883;1.562238E-06
data/IMG/robocam_2020_09_03_08_41_37_014.jpg;0;0;0;0;99.66998;85.58899;0.0002334549;40.60883;1.930625E-06
data/IMG/robocam_2020_09_03_08_41_37_063.jpg;0;0;0;0;99.66998;85.58899;0.000233515;40.60883;2.310684E-06
data/IMG/robocam_2020_09_03_08_41_37_113.jpg;0;0;0;0;99.66998;85.58899;0.0002335897;40.60883;2.403753E-06
data/IMG/robocam_2020_09_03_08_41_37_163.jpg;0;0.1509479;0;0;99.66966;85.58871;359.9906;40.60811;2.294934E-06
data/IMG/robocam_2020_09_03_08_41_37_213.jpg;0;0.2999579;0;0.01023332;99.67042;85.58937;0.01315469;40.59727;3.090969E-05
data/IMG/robocam_2020_09_03_08_41_37_263.jpg;0;0.4500868;0;0.02898546;99.6717;85.59047;0.04944178;40.50051;0.0001528639
data/IMG/robocam_2020_09_03_08_41_37_313.jpg;0;0.599703;0;0.05186403;99.67542;85.59364;0.1512917;40.70719;-0.0002737755
data/IMG/robocam_2020_09_03_08_41_37_362.jpg;0;0.752817;0;0.06790148;99.67899;85.59671;0.2454254;40.67209;-0.0002327021
data/IMG/robocam_2020_09_03_08_41_37_413.jpg;0;0.9004408;0;0.1069804;99.68589;85.60265;0.4168181;40.76667;-0.0006581701
data/IMG/robocam_2020_09_03_08_41_37_463.jpg;0;1;0;0.1392317;99.69236;85.60818;0.5597802;40.76485;-0.0008300277
data/IMG/robocam_2020_09_03_08_41_37_513.jpg;0;1;0;0.1884101;99.70405;85.61816;0.7936336;40.64708;0.0003292947
data/IMG/robocam_2020_09_03_08_41_37_563.jpg;0;1;0;0.2083164;99.71319;85.62598;0.959047;40.64885;-0.0009390958
data/IMG/robocam_2020_09_03_08_41_37_613.jpg;0;1;0;0.2708599;99.72922;85.63967;1.220028;40.62464;-0.001228218
data/IMG/robocam_2020_09_03_08_41_37_663.jpg;0;1;0;0.3209707;99.74028;85.64915;1.330169;40.59922;-0.0009988106
data/IMG/robocam_2020_09_03_08_41_37_713.jpg;0;1;0;0.3412396;99.755;85.66184;1.227538;40.62601;-0.002282821
data/IMG/robocam_2020_09_03_08_41_37_763.jpg;0;1;0;0.3960182;99.76648;85.67165;1.148072;40.61678;2.449755E-05
data/IMG/robocam_2020_09_03_08_41_37_813.jpg;0;1;0;0.4506135;99.78697;85.68913;1.104853;40.76464;-0.001977067
data/IMG/robocam_2020_09_03_08_41_37_863.jpg;0;1;0;0.4833326;99.80185;85.7019;1.098213;40.856;-0.0006897623
data/IMG/robocam_2020_09_03_08_41_37_913.jpg;0;1;0;0.5443322;99.82652;85.7231;1.131343;40.96653;-0.001067639
data/IMG/robocam_2020_09_03_08_41_37_963.jpg;0;1;0;0.5696523;99.84466;85.73873;1.18325;40.9673;-0.0003980501
data/IMG/robocam_2020_09_03_08_41_38_013.jpg;0;1;0;0.6208649;99.87359;85.76366;1.248115;40.8601;-0.0005794228
data/IMG/robocam_2020_09_03_08_41_38_063.jpg;0;1;0;0.6406997;99.89267;85.78017;1.223126;40.80854;-0.0009950331
data/IMG/robocam_2020_09_03_08_41_38_113.jpg;0;1;0;0.6951122;99.92388;85.80702;1.192608;40.80641;-0.001040122
data/IMG/robocam_2020_09_03_08_41_38_163.jpg;0;1;0;0.720036;99.94612;85.82613;1.18823;40.85174;-0.0007682413
data/IMG/robocam_2020_09_03_08_41_38_213.jpg;0;1;0;0.7730265;99.98195;85.85686;1.212877;40.85103;-0.0003780396
data/IMG/robocam_2020_09_03_08_41_38_263.jpg;0;1;0;0.8004259;100.0067;85.87812;1.215776;40.82041;-0.0005577998
data/IMG/robocam_2020_09_03_08_41_38_314.jpg;0;1;0;0.8676321;100.0463;85.91203;1.226924;40.77993;-0.0006801333
data/IMG/robocam_2020_09_03_08_41_38_363.jpg;0;1;0;0.9039616;100.074;85.93576;1.23173;40.78105;-0.0009157237
data/IMG/robocam_2020_09_03_08_41_38_413.jpg;0;1;0;0.9482988;100.1173;85.97284;1.227341;40.78524;-0.000991672
data/IMG/robocam_2020_09_03_08_41_38_463.jpg;0;1;0;0.9805793;100.1473;85.99852;1.217265;40.78267;-0.0008631998
data/IMG/robocam_2020_09_03_08_41_38_513.jpg;0;1;0;1.024689;100.1941;86.03857;1.215382;40.81488;-0.0004860132
data/IMG/robocam_2020_09_03_08_41_38_563.jpg;0;1;0;1.061658;100.2267;86.06656;1.227846;40.81171;-0.0008628297
data/IMG/robocam_2020_09_03_08_41_38_613.jpg;0;1;0;1.109904;100.2774;86.10999;1.235203;40.80336;-0.0008685429
data/IMG/robocam_2020_09_03_08_41_38_662.jpg;0;1;0;1.140942;100.3122;86.13982;1.230161;40.79255;-0.0007788744
data/IMG/robocam_2020_09_03_08_41_38_713.jpg;0;1;0;1.191103;100.3664;86.18618;1.22772;40.7776;-0.0008176226
data/IMG/robocam_2020_09_03_08_41_38_763.jpg;0;1;0;1.218028;100.4036;86.21807;1.226901;40.76133;-0.0006629471
data/IMG/robocam_2020_09_03_08_41_38_812.jpg;0;1;0;1.262702;100.4613;86.26746;1.233009;40.73186;-0.0006676989
data/IMG/robocam_2020_09_03_08_41_38_863.jpg;0;1;0;1.294928;100.501;86.30135;1.234869;40.72015;-0.0008668349
data/IMG/robocam_2020_09_03_08_41_38_913.jpg;0;1;0;1.343919;100.5623;86.35371;1.237271;40.69838;-0.000803268
data/IMG/robocam_2020_09_03_08_41_38_963.jpg;0;1;0;1.374828;100.6044;86.38968;1.242303;40.6842;-0.0008793267
data/IMG/robocam_2020_09_03_08_41_39_013.jpg;0;1;0;1.420487;100.6693;86.44506;1.243296;40.66932;-0.000828729
data/IMG/robocam_2020_09_03_08_41_39_063.jpg;0;1;0;1.453172;100.7139;86.48305;1.249027;40.66035;-0.0009360116
data/IMG/robocam_2020_09_03_08_41_39_113.jpg;0;1;0;1.499272;100.7824;86.54146;1.250396;40.64887;-0.0009050021
data/IMG/robocam_2020_09_03_08_41_39_163.jpg;0;1;0;1.531332;100.8294;86.58144;1.255373;40.64168;-0.0009737491
data/IMG/robocam_2020_09_03_08_41_39_213.jpg;0;1;0;1.578007;100.9015;86.64286;1.257604;40.63125;-0.0009811689
data/IMG/robocam_2020_09_03_08_41_39_263.jpg;0;1;0;1.608892;100.9508;86.68481;1.260197;40.62361;-0.0009960613
data/IMG/robocam_2020_09_03_08_41_39_313.jpg;0;1;0;1.654344;101.0265;86.74924;1.265155;40.61121;-0.0009934477
data/IMG/robocam_2020_09_03_08_41_39_363.jpg;0;1;0;1.685094;101.0781;86.79317;1.267422;40.6039;-0.0009938754
data/IMG/robocam_2020_09_03_08_41_39_413.jpg;0;1;0;1.73182;101.1574;86.86055;1.272711;40.5924;-0.001027236
data/IMG/robocam_2020_09_03_08_41_39_463.jpg;0;1;0;1.761536;101.2114;86.90646;1.276358;40.58559;-0.001036525
data/IMG/robocam_2020_09_03_08_41_39_513.jpg;0;1;0;1.808018;101.2941;86.97674;1.278123;40.57593;-0.001067429
data/IMG/robocam_2020_09_03_08_41_39_563.jpg;0;1;0;1.83843;101.3505;87.02461;1.282203;40.567;-0.001071487
data/IMG/robocam_2020_09_03_08_41_39_613.jpg;0;1;0;1.883792;101.4367;87.09784;1.286836;40.55596;-0.001079656
data/IMG/robocam_2020_09_03_08_41_39_663.jpg;0;1;0;1.913214;101.4953;87.14761;1.288746;40.54904;-0.001085101
data/IMG/robocam_2020_09_03_08_41_39_713.jpg;0;1;0;1.958353;101.5851;87.22374;1.293083;40.53792;-0.001105011
data/IMG/robocam_2020_09_03_08_41_39_762.jpg;0;1;0;1.989001;101.646;87.27544;1.295126;40.53135;-0.001127162
data/IMG/robocam_2020_09_03_08_41_39_812.jpg;0;1;0;2.033882;101.7392;87.35447;1.301199;40.5187;-0.00114654
data/IMG/robocam_2020_09_03_08_41_39_863.jpg;0;1;0;2.063001;101.8024;87.40807;1.302086;40.51193;-0.001160898
data/IMG/robocam_2020_09_03_08_41_39_913.jpg;0;1;0;2.107652;101.899;87.48989;1.303115;40.50082;-0.001158123
data/IMG/robocam_2020_09_03_08_41_39_963.jpg;0;1;0;2.137952;101.9645;87.54542;1.306135;40.49271;-0.001175044
data/IMG/robocam_2020_09_03_08_41_40_012.jpg;0;1;0;2.182069;102.0646;87.63013;1.311557;40.483;-0.001222657
data/IMG/robocam_2020_09_03_08_41_40_063.jpg;0;1;0;2.211704;102.1324;87.68753;1.314017;40.47434;-0.001211824
data/IMG/robocam_2020_09_03_08_41_40_112.jpg;0;1;0;2.255081;102.2357;87.775;1.314443;40.46344;-0.001215934
data/IMG/robocam_2020_09_03_08_41_40_163.jpg;0;1;0;2.285061;102.3058;87.83427;1.315947;40.4552;-0.001226769
data/IMG/robocam_2020_09_03_08_41_40_213.jpg;0;1;0;2.328694;102.4126;87.92461;1.322049;40.4438;-0.001247749
data/IMG/robocam_2020_09_03_08_41_40_263.jpg;0;1;0;2.35772;102.4849;87.98573;1.323897;40.43774;-0.001268299
data/IMG/robocam_2020_09_03_08_41_40_313.jpg;0;1;0;2.401435;102.5951;88.0788;1.325472;40.4248;-0.001266859
data/IMG/robocam_2020_09_03_08_41_40_363.jpg;0;1;0;2.430295;102.6696;88.14178;1.32832;40.41706;-0.00129248
data/IMG/robocam_2020_09_03_08_41_40_414.jpg;0;1;0;2.473479;102.7831;88.23766;1.334351;40.40582;-0.001315328
data/IMG/robocam_2020_09_03_08_41_40_463.jpg;0;1;0;2.502205;102.8599;88.30244;1.334899;40.39968;-0.001327391
data/IMG/robocam_2020_09_03_08_41_40_512.jpg;0;1;0;2.545461;102.9766;88.40098;1.333278;40.38646;-0.001308122
data/IMG/robocam_2020_09_03_08_41_40_563.jpg;0;1;0;2.573997;103.0556;88.46758;1.333673;40.37839;-0.0013054
data/IMG/robocam_2020_09_03_08_41_40_613.jpg;0;1;0;2.61667;103.1757;88.56887;1.336298;40.36637;-0.001315543
data/IMG/robocam_2020_09_03_08_41_40_663.jpg;0;1;0;2.645042;103.2569;88.63731;1.339102;40.35833;-0.001332037
data/IMG/robocam_2020_09_03_08_41_40_713.jpg;0;1;0;2.687493;103.3804;88.74133;1.344105;40.3463;-0.001355152
data/IMG/robocam_2020_09_03_08_41_40_763.jpg;0;1;0;2.715728;103.4638;88.81158;1.347487;40.33832;-0.00138056
data/IMG/robocam_2020_09_03_08_41_40_813.jpg;0;1;0;2.757978;103.5905;88.91827;1.351874;40.32647;-0.001393853
data/IMG/robocam_2020_09_03_08_41_40_863.jpg;0;1;0;2.786076;103.676;88.99027;1.354055;40.31859;-0.00140517
data/IMG/robocam_2020_09_03_08_41_40_912.jpg;0;1;0;2.828109;103.8059;89.0996;1.355958;40.30676;-0.001410242
data/IMG/robocam_2020_09_03_08_41_40_963.jpg;0;1;0;2.85605;103.8936;89.17336;1.356352;40.29877;-0.001413285
data/IMG/robocam_2020_09_03_08_41_41_013.jpg;0;1;0;2.89783;104.0269;89.28535;1.359939;40.28766;-0.0009876139
data/IMG/robocam_2020_09_03_08_41_41_063.jpg;0;1;0;2.925311;104.1168;89.36091;1.36494;40.27712;-0.00142658
data/IMG/robocam_2020_09_03_08_41_41_114.jpg;0;1;0;2.966907;104.2532;89.47552;1.369073;40.26397;-0.001468003
data/IMG/robocam_2020_09_03_08_41_41_162.jpg;0;1;0;2.994565;104.3452;89.55279;1.369516;40.25573;-0.001480012
data/IMG/robocam_2020_09_03_08_41_41_213.jpg;0;1;0;3.035923;104.4848;89.66994;1.367272;40.24337;-0.001470296
data/IMG/robocam_2020_09_03_08_41_41_263.jpg;0;1;0;3.063848;104.579;89.74898;1.371545;40.23448;-0.00136755
data/IMG/robocam_2020_09_03_08_41_41_313.jpg;0;1;0;3.104215;104.7218;89.86876;1.37331;40.21997;-0.001485566
data/IMG/robocam_2020_09_03_08_41_41_363.jpg;0;1;0;3.131991;104.8181;89.94953;1.379486;40.21055;-0.001396752
data/IMG/robocam_2020_09_03_08_41_41_413.jpg;0;1;0;3.172165;104.9641;90.07188;1.382559;40.19586;-0.001530835
data/IMG/robocam_2020_09_03_08_41_41_463.jpg;0;1;0;3.199372;105.0624;90.15427;1.381346;40.18698;-0.001533183
data/IMG/robocam_2020_09_03_08_41_41_513.jpg;0;1;0;3.239746;105.2116;90.27921;1.385775;40.17236;-0.001530463
data/IMG/robocam_2020_09_03_08_41_41_563.jpg;0;1;0;3.2668;105.3122;90.36334;1.388919;40.16364;-0.001093845
data/IMG/robocam_2020_09_03_08_41_41_613.jpg;0;1;0;3.306967;105.4645;90.49076;1.391683;40.14697;-0.001563027
data/IMG/robocam_2020_09_03_08_41_41_663.jpg;0;1;0;3.333878;105.5671;90.57656;1.393716;40.1384;-0.001118988
data/IMG/robocam_2020_09_03_08_41_41_713.jpg;0;1;0;3.373825;105.7225;90.70646;1.394521;40.12164;-0.001574398
data/IMG/robocam_2020_09_03_08_41_41_763.jpg;0;1;0;3.401004;105.8272;90.79393;1.398435;40.1113;-0.001483286
data/IMG/robocam_2020_09_03_08_41_41_812.jpg;0;1;0;3.440311;105.9857;90.92635;1.400571;40.09633;-0.001139168
data/IMG/robocam_2020_09_03_08_41_41_862.jpg;0;1;0;3.466614;106.0925;91.01543;1.401456;40.08416;-0.001598422
data/IMG/robocam_2020_09_03_08_41_41_913.jpg;0;1;0;3.506124;106.2542;91.15033;1.406354;40.06718;-0.001610809
data/IMG/robocam_2020_09_03_08_41_41_963.jpg;0;1;0;3.532606;106.363;91.24108;1.408148;40.05747;-0.001172265
data/IMG/robocam_2020_09_03_08_41_42_013.jpg;0;1;0;3.57231;106.5278;91.37843;1.414352;40.03884;-0.001537207
data/IMG/robocam_2020_09_03_08_41_42_062.jpg;0;1;0;3.597939;106.6387;91.47076;1.414196;40.02713;-0.001664939
data/IMG/robocam_2020_09_03_08_41_42_113.jpg;0;1;0;3.637037;106.8065;91.6105;1.416209;40.01005;-0.001663499
data/IMG/robocam_2020_09_03_08_41_42_163.jpg;0;1;0;3.663639;106.9195;91.70447;1.418749;39.99848;-0.001568009
data/IMG/robocam_2020_09_03_08_41_42_213.jpg;0;1;0;3.701806;107.0904;91.84663;1.422869;39.9796;-0.001681919
data/IMG/robocam_2020_09_03_08_41_42_263.jpg;0;1;0;3.728271;107.2054;91.94221;1.426121;39.96751;-0.001591767
data/IMG/robocam_2020_09_03_08_41_42_313.jpg;0;1;0;3.766947;107.3794;92.08673;1.427362;39.94921;-0.00159796
data/IMG/robocam_2020_09_03_08_41_42_363.jpg;0;1;0;3.792552;107.4964;92.18388;1.430791;39.93626;-0.001606609
data/IMG/robocam_2020_09_03_08_41_42_412.jpg;0;1;0;3.831015;107.6734;92.33076;1.431776;39.91729;-0.001628655
data/IMG/robocam_2020_09_03_08_41_42_463.jpg;0;1;0;3.85648;107.7924;92.42947;1.434742;39.90402;-0.001630152
data/IMG/robocam_2020_09_03_08_41_42_512.jpg;0;1;0;3.894037;107.9725;92.5787;1.437669;39.88363;-0.001753296
data/IMG/robocam_2020_09_03_08_41_42_563.jpg;0;1;0;3.920072;108.0935;92.67896;1.43913;39.87077;-0.001657858
data/IMG/robocam_2020_09_03_08_41_42_612.jpg;0;1;0;3.957423;108.2766;92.83054;1.44391;39.85106;-0.001290035
data/IMG/robocam_2020_09_03_08_41_42_662.jpg;0;1;0;3.982617;108.3997;92.93236;1.446835;39.83696;-0.001293506
data/IMG/robocam_2020_09_03_08_41_42_713.jpg;0;1;0;4.020844;108.5857;93.0862;1.450278;39.81466;-0.001691334
data/IMG/robocam_2020_09_03_08_41_42_763.jpg;0;1;0;4.045907;108.7108;93.18954;1.453335;39.80024;-0.001707136
data/IMG/robocam_2020_09_03_08_41_42_812.jpg;0;1;0;4.083562;108.8998;93.34566;1.455564;39.78042;-0.001228977
data/IMG/robocam_2020_09_03_08_41_42_863.jpg;0;1;0;4.107797;109.0269;93.45051;1.458331;39.7652;-0.001341339
data/IMG/robocam_2020_09_03_08_41_42_913.jpg;0;1;0;4.145615;109.2189;93.60888;1.460357;39.74187;-0.001740129
data/IMG/robocam_2020_09_03_08_41_42_963.jpg;0;0.950092;0;4.170408;109.3479;93.71519;1.461513;39.72709;-0.001738742
data/IMG/robocam_2020_09_03_08_41_43_012.jpg;0;0.800611;0;4.203263;109.5427;93.87564;1.463326;39.70436;-0.001228874
data/IMG/robocam_2020_09_03_08_41_43_063.jpg;0;0.6499059;0;4.220227;109.6732;93.98303;1.459864;39.68648;-0.001189052
data/IMG/robocam_2020_09_03_08_41_43_112.jpg;0;0.7057631;0;4.238936;109.8695;94.14447;1.439893;39.65815;-0.001166943
data/IMG/robocam_2020_09_03_08_41_43_163.jpg;0;0.853453;0;4.254259;110.001;94.25251;1.423695;39.63884;-0.001176436
data/IMG/robocam_2020_09_03_08_41_43_213.jpg;0;1;0;4.284883;110.1996;94.4156;1.408179;39.60977;-0.001200501
data/IMG/robocam_2020_09_03_08_41_43_263.jpg;0;1;0;4.308717;110.3331;94.52513;1.407332;39.59041;-0.001222599
data/IMG/robocam_2020_09_03_08_41_43_313.jpg;0;1;0;4.344792;110.535;94.69065;1.419049;39.56138;-0.001259489
data/IMG/robocam_2020_09_03_08_41_43_363.jpg;0;1;0;4.368792;110.6706;94.80178;1.434161;39.54195;-0.001267344
data/IMG/robocam_2020_09_03_08_41_43_413.jpg;0;1;0;4.404721;110.8757;94.96964;1.465543;39.51249;-0.001309583
data/IMG/robocam_2020_09_03_08_41_43_462.jpg;0;0.8974692;0;4.428072;111.0133;95.08217;1.485084;39.49226;-0.001819042
data/IMG/robocam_2020_09_03_08_41_43_513.jpg;0;0.747436;0;4.457769;111.2206;95.25151;1.485616;39.46994;-0.001451583
data/IMG/robocam_2020_09_03_08_41_43_562.jpg;0;0.5973192;0;4.473045;111.3592;95.36469;1.475693;39.45352;-0.001284235
data/IMG/robocam_2020_09_03_08_41_43_613.jpg;0;0.4499952;0;4.487219;111.5675;95.53453;1.438005;39.42518;-0.001197154
data/IMG/robocam_2020_09_03_08_41_43_663.jpg;0;0.297346;0;4.491994;111.7063;95.64761;1.392799;39.40538;-0.001126994
data/IMG/robocam_2020_09_03_08_41_43_713.jpg;0;0.1481111;0;4.491171;111.9139;95.8167;1.288364;39.37571;-0.001007227
data/IMG/robocam_2020_09_03_08_41_43_763.jpg;0;0;0;4.485865;112.0518;95.92889;1.191485;39.35651;-0.0008835266
data/IMG/robocam_2020_09_03_08_41_43_813.jpg;0;0;0;4.471857;112.2575;96.09623;1.006605;39.32919;-0.0006810696
data/IMG/robocam_2020_09_03_08_41_43_862.jpg;0;0;0;4.462329;112.394;96.20723;0.862695;39.31228;-0.0004439859
data/IMG/robocam_2020_09_03_08_41_43_913.jpg;0;0;0;4.44801;112.5979;96.37302;0.6252675;39.28905;5.835357E-05
data/IMG/robocam_2020_09_03_08_41_43_963.jpg;0;0;0;4.438415;112.7333;96.48316;0.4575057;39.27677;0.003802855
data/IMG/robocam_2020_09_03_08_41_44_013.jpg;0;0;0;4.424094;112.9356;96.64792;0.1997513;39.26309;0.01474508
data/IMG/robocam_2020_09_03_08_41_44_063.jpg;0;0;0;4.414465;113.0701;96.75752;0.02759614;39.25721;0.02604152
data/IMG/robocam_2020_09_03_08_41_44_113.jpg;0;0;0;4.399801;113.272;96.92159;359.807;39.23978;0.01693438
data/IMG/robocam_2020_09_03_08_41_44_163.jpg;0;0;0;4.389337;113.4066;97.03088;359.6891;39.22395;-0.005690712
data/IMG/robocam_2020_09_03_08_41_44_213.jpg;0;0;0;4.373583;113.6077;97.1952;359.5348;39.22296;0.001767877
data/IMG/robocam_2020_09_03_08_41_44_262.jpg;0;0;0;4.363626;113.7418;97.30447;359.4482;39.21989;-0.001614814
data/IMG/robocam_2020_09_03_08_41_44_312.jpg;0;0;0;4.34782;113.9423;97.46812;359.3334;39.21824;-0.002153176
data/IMG/robocam_2020_09_03_08_41_44_362.jpg;-2.29581;0;0;4.337886;114.076;97.57693;359.2748;39.15117;0.004261499
data/IMG/robocam_2020_09_03_08_41_44_412.jpg;-4.513766;0;0;4.321321;114.2775;97.73826;359.2068;38.82449;359.9787
data/IMG/robocam_2020_09_03_08_41_44_463.jpg;-6.797114;0;0;4.310699;114.4128;97.84368;359.161;38.38913;359.9093
data/IMG/robocam_2020_09_03_08_41_44_513.jpg;-9.00351;0;0;4.292286;114.6177;97.99943;359.1521;37.45219;359.7869
data/IMG/robocam_2020_09_03_08_41_44_562.jpg;-11.29527;0;0;4.280138;114.7561;98.09979;359.1473;36.5942;359.6278
data/IMG/robocam_2020_09_03_08_41_44_613.jpg;-13.54338;0;0;4.26034;114.9666;98.24776;359.2579;35.11489;359.4162
data/IMG/robocam_2020_09_03_08_41_44_662.jpg;-15;0;0;4.24621;115.1096;98.34435;359.4355;34.01215;359.3044
data/IMG/robocam_2020_09_03_08_41_44_713.jpg;-15;0;0;4.216727;115.3282;98.48219;359.7601;32.17198;359.0684
data/IMG/robocam_2020_09_03_08_41_44_763.jpg;-15;0;0;4.200541;115.4763;98.56917;0.0002449797;30.80265;358.8722
data/IMG/robocam_2020_09_03_08_41_44_813.jpg;-15;0;0;4.181755;115.6962;98.69305;0.1372838;28.60016;358.6871
data/IMG/robocam_2020_09_03_08_41_44_863.jpg;-13.54357;0;0;4.173376;115.8415;98.77238;0.09780814;27.14991;358.6861
data/IMG/robocam_2020_09_03_08_41_44_913.jpg;-11.29236;0;0;4.159752;116.0597;98.8849;359.9082;25.27631;358.8101
data/IMG/robocam_2020_09_03_08_41_44_963.jpg;-9.017832;0;0;4.144055;116.2076;98.95532;359.8354;24.30697;358.8977
data/IMG/robocam_2020_09_03_08_41_45_013.jpg;-6.742095;0;0;4.118073;116.433;99.05482;359.8128;23.1919;358.9644
data/IMG/robocam_2020_09_03_08_41_45_063.jpg;-4.491915;0;0;4.106109;116.5847;99.11901;359.8535;22.63088;359.0161
data/IMG/robocam_2020_09_03_08_41_45_113.jpg;-2.24115;0;0;4.090768;116.8127;99.21236;359.9171;22.01151;359.0682
data/IMG/robocam_2020_09_03_08_41_45_163.jpg;0;0;0;4.081576;116.9643;99.27351;359.9391;21.7883;359.094
data/IMG/robocam_2020_09_03_08_41_45_213.jpg;0;0;0;4.067969;117.191;99.36454;359.9514;21.65963;359.1438
data/IMG/robocam_2020_09_03_08_41_45_262.jpg;0;0;0;4.058972;117.3416;99.42474;359.9476;21.62956;359.1827
data/IMG/robocam_2020_09_03_08_41_45_313.jpg;0;0;0;4.045357;117.5667;99.51443;359.9243;21.61302;359.2483
data/IMG/robocam_2020_09_03_08_41_45_363.jpg;0;0;0;4.036386;117.7162;99.57396;359.901;21.61114;359.3007
data/IMG/robocam_2020_09_03_08_41_45_413.jpg;0;0.1492052;0;4.024696;117.9399;99.6629;359.8577;21.61198;359.3869
data/IMG/robocam_2020_09_03_08_41_45_462.jpg;0;0.3019291;0;4.021201;118.089;99.72205;359.8304;21.61218;359.4462
data/IMG/robocam_2020_09_03_08_41_45_512.jpg;0;0.4520913;0;4.024002;118.3131;99.81102;359.8105;21.61481;359.5435
data/IMG/robocam_2020_09_03_08_41_45_562.jpg;0;0.6018451;0;4.030354;118.4631;99.87051;359.8158;21.61568;359.6086
data/IMG/robocam_2020_09_03_08_41_45_613.jpg;0;0.749436;0;4.047922;118.6896;99.96024;359.8597;21.61608;359.7042
data/IMG/robocam_2020_09_03_08_41_45_663.jpg;0;0.9018663;0;4.064181;118.8419;100.0205;359.9182;21.61618;359.7662
data/IMG/robocam_2020_09_03_08_41_45_713.jpg;0;1;0;4.096452;119.0727;100.1119;0.05632212;21.61645;359.8555
data/IMG/robocam_2020_09_03_08_41_45_762.jpg;0;1;0;4.120224;119.2282;100.1734;0.1801068;21.61683;359.912
data/IMG/robocam_2020_09_03_08_41_45_812.jpg;0;1;0;4.155879;119.4637;100.2666;0.4041063;21.61764;359.9915
data/IMG/robocam_2020_09_03_08_41_45_862.jpg;0;1;0;4.17973;119.6219;100.3288;0.5560559;21.61023;0.02199318
data/IMG/robocam_2020_09_03_08_41_45_913.jpg;0;1;0;4.21586;119.8612;100.4226;0.7872816;21.59051;0.04216594
data/IMG/robocam_2020_09_03_08_41_45_962.jpg;0;1;0;4.240004;120.0219;100.4855;0.9424831;21.57281;0.0419385
data/IMG/robocam_2020_09_03_08_41_46_013.jpg;0;1;0;4.276203;120.2648;100.5802;1.172528;21.5407;0.02080356
data/IMG/robocam_2020_09_03_08_41_46_063.jpg;0;1;0;4.300312;120.4278;100.6437;1.321048;21.51862;-0.0008874136
data/IMG/robocam_2020_09_03_08_41_46_113.jpg;0;1;0;4.33636;120.6733;100.7398;1.512658;21.49993;-0.003195988
data/IMG/robocam_2020_09_03_08_41_46_163.jpg;0;0.9012607;0;4.359104;120.8363;100.8036;1.529359;21.47696;-0.003715025
data/IMG/robocam_2020_09_03_08_41_46_213.jpg;0;0.749251;0;4.397546;121.0812;100.899;1.459228;21.46198;-0.001514979
data/IMG/robocam_2020_09_03_08_41_46_263.jpg;0;0.5983238;0;4.41261;121.245;100.9627;1.404013;21.44622;-0.001231191
data/IMG/robocam_2020_09_03_08_41_46_313.jpg;0;0.4511528;0;4.426882;121.4912;101.0583;1.309741;21.41953;-0.001084736
data/IMG/robocam_2020_09_03_08_41_46_363.jpg;0;0.2984589;0;4.431716;121.6554;101.1219;1.234312;21.40122;-0.0009797724
data/IMG/robocam_2020_09_03_08_41_46_413.jpg;-0.7058662;0.151147;0;4.430907;121.9011;101.217;1.095288;21.36427;-0.0008437892
data/IMG/robocam_2020_09_03_08_41_46_463.jpg;-2.997626;0;0;4.425653;122.0646;101.2796;0.9817563;21.23864;-0.0006809311
data/IMG/robocam_2020_09_03_08_41_46_513.jpg;-5.220716;0;0;4.411347;122.309;101.3716;0.7791907;20.81308;-0.001379826
data/IMG/robocam_2020_09_03_08_41_46_563.jpg;-7.451729;0;0;4.401122;122.4719;101.4308;0.6246338;20.32602;359.9712
data/IMG/robocam_2020_09_03_08_41_46_613.jpg;-9.724139;0;0;4.385196;122.7164;101.515;0.3635359;19.28648;359.8423
data/IMG/robocam_2020_09_03_08_41_46_663.jpg;-11.99493;0;0;4.373641;122.8796;101.5673;0.1698608;18.37485;359.6882
data/IMG/robocam_2020_09_03_08_41_46_713.jpg;-14.20141;0;0;4.354477;123.1253;101.6397;359.8857;16.71828;359.3721
data/IMG/robocam_2020_09_03_08_41_46_762.jpg;-15;0;0;4.339598;123.2903;101.6838;359.7547;15.45978;359.1224
data/IMG/robocam_2020_09_03_08_41_46_813.jpg;-15;0;0;4.317808;123.5397;101.7453;359.6653;13.54159;358.7538
data/IMG/robocam_2020_09_03_08_41_46_863.jpg;-12.79032;0;0;4.30451;123.7076;101.7847;359.7115;12.30783;358.6143
data/IMG/robocam_2020_09_03_08_41_46_913.jpg;-10.49766;0;0;4.288055;123.9614;101.8415;359.9194;10.49994;358.6298
data/IMG/robocam_2020_09_03_08_41_46_963.jpg;-8.266245;0;0;4.276942;124.1301;101.8753;0.02631587;9.483009;358.7111
data/IMG/robocam_2020_09_03_08_41_47_014.jpg;-5.990503;0;0;4.246783;124.379;101.9201;359.9426;8.308533;358.9391
data/IMG/robocam_2020_09_03_08_41_47_063.jpg;-3.740548;0;0;4.232996;124.5453;101.9446;359.8887;7.761787;359.0173
data/IMG/robocam_2020_09_03_08_41_47_113.jpg;-1.488302;0;0;4.217791;124.7948;101.9777;359.8179;7.21508;359.0891
data/IMG/robocam_2020_09_03_08_41_47_163.jpg;0;0;0;4.208089;124.961;101.9993;359.7849;7.049141;359.1523
data/IMG/robocam_2020_09_03_08_41_47_213.jpg;0;0;0;4.193345;125.2097;102.0308;359.7328;6.954437;359.2472
data/IMG/robocam_2020_09_03_08_41_47_263.jpg;0;0;0;4.183771;125.375;102.0512;359.6914;6.930443;359.3066
data/IMG/robocam_2020_09_03_08_41_47_313.jpg;0;0.1498622;0;4.171397;125.6225;102.0817;359.6381;6.922325;359.4115
data/IMG/robocam_2020_09_03_08_41_47_363.jpg;0;0.3000691;0;4.167302;125.7874;102.1019;359.6096;6.920662;359.4811
data/IMG/robocam_2020_09_03_08_41_47_412.jpg;0;0.449937;0;4.169456;126.0354;102.1321;359.5865;6.91906;359.5833
data/IMG/robocam_2020_09_03_08_41_47_463.jpg;0;0.394995;0;4.174452;126.2012;102.1522;359.5878;6.918381;359.6504
data/IMG/robocam_2020_09_03_08_41_47_513.jpg;0;0.2467679;0;4.178405;126.4504;102.1824;359.6055;6.917778;359.7484
data/IMG/robocam_2020_09_03_08_41_47_562.jpg;0;0.09366596;0;4.176517;126.6164;102.2025;359.6184;6.917557;359.8114
data/IMG/robocam_2020_09_03_08_41_47_613.jpg;0;0.2436658;0;4.169185;126.865;102.2325;359.6337;6.917076;359.9014
data/IMG/robocam_2020_09_03_08_41_47_663.jpg;0;0.3908068;0;4.168448;127.0308;102.2525;359.6488;6.916656;359.9578
data/IMG/robocam_2020_09_03_08_41_47_713.jpg;0;0.2388926;0;4.17157;127.2799;102.2826;359.6823;6.916267;0.03622313
data/IMG/robocam_2020_09_03_08_41_47_763.jpg;0;0.08884764;0;4.169518;127.4458;102.3026;359.7033;6.916191;0.08399548
data/IMG/robocam_2020_09_03_08_41_47_813.jpg;0;0;0;4.15846;127.694;102.3322;359.7349;6.908539;0.1299226
data/IMG/robocam_2020_09_03_08_41_47_862.jpg;0;0;0;4.148914;127.8589;102.352;359.7449;6.905807;0.1574095
data/IMG/robocam_2020_09_03_08_41_47_913.jpg;0;0;0;4.134953;128.1054;102.3814;359.7534;6.898277;0.1798923
data/IMG/robocam_2020_09_03_08_41_47_963.jpg;0;0;0;4.125506;128.2691;102.4011;359.7494;6.895546;0.191721
data/IMG/robocam_2020_09_03_08_41_48_013.jpg;0;0;0;4.111611;128.5139;102.4303;359.7385;6.888344;0.1925977
data/IMG/robocam_2020_09_03_08_41_48_063.jpg;0;0;0;4.102215;128.6764;102.4498;359.7234;6.885666;0.1906695
data/IMG/robocam_2020_09_03_08_41_48_113.jpg;0;0;0;4.088355;128.9195;102.4789;359.6982;6.87854;0.1725089
data/IMG/robocam_2020_09_03_08_41_48_163.jpg;0;0;0;4.078984;129.081;102.4982;359.6758;6.875755;0.1585702
data/IMG/robocam_2020_09_03_08_41_48_213.jpg;0;0;0;4.065298;129.3226;102.5271;359.6375;6.870178;0.1290295
data/IMG/robocam_2020_09_03_08_41_48_263.jpg;0;0;0;4.055772;129.4831;102.5463;359.6134;6.865669;0.1026381
data/IMG/robocam_2020_09_03_08_41_48_313.jpg;0;0;0;4.042096;129.7231;102.5752;359.567;6.863129;0.06771875
data/IMG/robocam_2020_09_03_08_41_48_362.jpg;0;0;0;4.033013;129.8826;102.5944;359.5305;6.86261;0.04599801
data/IMG/robocam_2020_09_03_08_41_48_413.jpg;0;0;0;4.018826;130.1214;102.6228;359.4962;6.85154;359.9869
data/IMG/robocam_2020_09_03_08_41_48_463.jpg;0;0;0;4.00973;130.2801;102.6419;359.4673;6.849182;359.9561
data/IMG/robocam_2020_09_03_08_41_48_513.jpg;0;0;0;3.995729;130.5176;102.671;359.4435;6.859932;359.9447
data/IMG/robocam_2020_09_03_08_41_48_563.jpg;0;0;0;3.986272;130.6756;102.6901;359.4278;6.864258;359.9378
data/IMG/robocam_2020_09_03_08_41_48_613.jpg;0;0;0;3.972774;130.9117;102.7187;359.3978;6.86689;359.9267
data/IMG/robocam_2020_09_03_08_41_48_663.jpg;0;0;0;3.963317;131.0689;102.7381;359.3975;6.878395;359.9467
data/IMG/robocam_2020_09_03_08_41_48_713.jpg;0;0;0;3.949474;131.304;102.7666;359.3872;6.884468;359.9632
data/IMG/robocam_2020_09_03_08_41_48_762.jpg;0;0;0;3.940549;131.4602;102.7855;359.3759;6.88591;359.9722
data/IMG/robocam_2020_09_03_08_41_48_813.jpg;0;0;0;3.927203;131.6937;102.8137;359.3534;6.886688;359.9847
data/IMG/robocam_2020_09_03_08_41_48_862.jpg;2.242262;0;0;3.917752;131.8492;102.8334;359.3572;6.97448;0.03157277
data/IMG/robocam_2020_09_03_08_41_48_913.jpg;4.456125;0;0;3.903554;132.0812;102.8645;359.354;7.344734;0.1332816
data/IMG/robocam_2020_09_03_08_41_48_962.jpg;6.757697;0;0;3.893094;132.2356;102.8867;359.3759;7.795181;0.2087006
data/IMG/robocam_2020_09_03_08_41_49_012.jpg;9.001354;0;0;3.876808;132.4657;102.9243;359.4091;8.805038;0.3993455
data/IMG/robocam_2020_09_03_08_41_49_062.jpg;6.741727;0;0;3.865557;132.6184;102.9514;359.4457;9.544411;0.5438001
data/IMG/robocam_2020_09_03_08_41_49_113.jpg;4.490554;0;0;3.850837;132.847;102.9936;359.5387;10.47353;0.7307544
data/IMG/robocam_2020_09_03_08_41_49_163.jpg;2.243303;0;0.05260205;3.841179;132.9995;103.0222;359.6404;10.88991;0.8045164
data/IMG/robocam_2020_09_03_08_41_49_213.jpg;0;0;0.202491;3.809791;133.2265;103.0654;359.7884;11.2349;0.8605765
data/IMG/robocam_2020_09_03_08_41_49_263.jpg;0;0;0.3525002;3.77038;133.3747;103.0941;359.8291;11.30962;0.8768113
data/IMG/robocam_2020_09_03_08_41_49_313.jpg;0;0;0.5014232;3.681258;133.5902;103.1362;359.755;11.35643;0.8740785
data/IMG/robocam_2020_09_03_08_41_49_363.jpg;0;0;0.6527102;3.606339;133.7286;103.163;359.6191;11.38531;0.8284827
data/IMG/robocam_2020_09_03_08_41_49_413.jpg;0;0;0.8015013;3.471109;133.9285;103.2007;359.344;11.49119;0.6354645
data/IMG/robocam_2020_09_03_08_41_49_463.jpg;0;0;0.9525243;3.378983;134.0566;103.225;359.1328;11.66998;0.439735
data/IMG/robocam_2020_09_03_08_41_49_513.jpg;0;0;1;3.216988;134.2398;103.2609;358.761;11.99202;0.07728215
data/IMG/robocam_2020_09_03_08_41_49_563.jpg;0;0;1;3.11822;134.3552;103.287;358.5067;12.1585;359.9571
data/IMG/robocam_2020_09_03_08_41_49_613.jpg;0;0;1;2.953614;134.5216;103.3275;358.177;12.45057;359.952
data/IMG/robocam_2020_09_03_08_41_49_663.jpg;0;0;1;2.872322;134.6298;103.3545;358.023;12.765;0.01369147
data/IMG/robocam_2020_09_03_08_41_49_713.jpg;0;0;1;2.752132;134.7904;103.393;358.0322;13.1965;0.01881642
data/IMG/robocam_2020_09_03_08_41_49_763.jpg;0;0;1;2.668114;134.8959;103.4182;358.1729;13.40834;-0.003350471
data/IMG/robocam_2020_09_03_08_41_49_813.jpg;0;0;1;2.550049;135.0502;103.4563;358.508;13.65569;0.002772876
data/IMG/robocam_2020_09_03_08_41_49_862.jpg;0;0;1;2.476768;135.1485;103.4804;358.7519;13.76181;-0.005268606
data/IMG/robocam_2020_09_03_08_41_49_913.jpg;0;0;1;2.234643;135.2812;103.513;358.8714;13.82595;-0.002391083
data/IMG/robocam_2020_09_03_08_41_49_963.jpg;0;0;1;2.078696;135.3579;103.5318;358.7295;13.83202;-0.004086471
data/IMG/robocam_2020_09_03_08_41_50_012.jpg;0;0;1;1.914076;135.4665;103.5585;358.5502;13.84618;-0.002861004
data/IMG/robocam_2020_09_03_08_41_50_063.jpg;0;0;1;1.836435;135.5372;103.5759;358.552;13.854;-0.002003539
data/IMG/robocam_2020_09_03_08_41_50_113.jpg;0;0;1;1.725705;135.6392;103.6009;358.6848;13.86227;-0.004821997
data/IMG/robocam_2020_09_03_08_41_50_163.jpg;0;0;1;1.617701;135.7007;103.616;358.7217;13.86566;-0.003928176
data/IMG/robocam_2020_09_03_08_41_50_213.jpg;0;0;0;1.382821;135.7823;103.636;358.6588;13.87064;0.001939398
data/IMG/robocam_2020_09_03_08_41_50_263.jpg;0;0;0;1.351091;135.8353;103.6489;358.691;13.86942;0.001139071
data/IMG/robocam_2020_09_03_08_41_50_313.jpg;0;0;0;1.340354;135.9169;103.6687;358.8959;13.86368;-0.002057336
data/IMG/robocam_2020_09_03_08_41_50_363.jpg;0.7867348;0;0;1.334051;135.9712;103.6822;359.0482;13.87896;0.009424026
data/IMG/robocam_2020_09_03_08_41_50_413.jpg;3.034485;0;0;1.329073;136.0521;103.7034;359.2693;14.05231;0.05021667
data/IMG/robocam_2020_09_03_08_41_50_463.jpg;5.285969;0;0;1.325331;136.1054;103.7185;359.4085;14.31777;0.100065
data/IMG/robocam_2020_09_03_08_41_50_513.jpg;7.53462;0;0;1.319447;136.1844;103.7425;359.6012;14.90442;0.2019758
data/IMG/robocam_2020_09_03_08_41_50_563.jpg;9.785336;0;0;1.314885;136.2362;103.7597;359.7163;15.44393;0.2927433
data/IMG/robocam_2020_09_03_08_41_50_613.jpg;12.03709;0;0;1.307742;136.3125;103.7872;359.8672;16.4315;0.4556029
data/IMG/robocam_2020_09_03_08_41_50_663.jpg;14.28471;0;0;1.302059;136.3624;103.8069;359.9573;17.22481;0.5782135
data/IMG/robocam_2020_09_03_08_41_50_713.jpg;15;0;0;1.293507;136.4352;103.8376;0.04372968;18.52476;0.7585219
data/IMG/robocam_2020_09_03_08_41_50_763.jpg;15;0;0;1.289608;136.4826;103.8587;0.06679881;19.39104;0.8668091
data/IMG/robocam_2020_09_03_08_41_50_813.jpg;15;0;0;1.283649;136.5521;103.8913;0.06275009;20.67661;1.015726
data/IMG/robocam_2020_09_03_08_41_50_862.jpg;15;0;0;1.279838;136.5974;103.9133;0.02611827;21.52095;1.091263
data/IMG/robocam_2020_09_03_08_41_50_912.jpg;15;0;0;1.27505;136.6645;103.9466;359.9581;22.73784;1.123145
data/IMG/robocam_2020_09_03_08_41_50_962.jpg;15;0;0;1.270197;136.7091;103.9699;359.9491;23.54183;1.108072
data/IMG/robocam_2020_09_03_08_41_51_013.jpg;15;0;0;1.263687;136.7755;104.0062;359.969;24.7605;1.057512
data/IMG/robocam_2020_09_03_08_41_51_063.jpg;15;0;0;1.259475;136.819;104.0315;359.9824;25.58985;1.034575
data/IMG/robocam_2020_09_03_08_41_51_113.jpg;15;0;0;1.253842;136.8829;104.0708;359.994;26.84691;1.016669
data/IMG/robocam_2020_09_03_08_41_51_164.jpg;15;0;0;1.250306;136.9248;104.0976;-0.001033146;27.68282;1.008338
data/IMG/robocam_2020_09_03_08_41_51_213.jpg;15;0;0;1.245009;136.9866;104.1388;-0.001864108;28.93098;1.000456
data/IMG/robocam_2020_09_03_08_41_51_263.jpg;15;0;0;1.241562;137.0271;104.1669;359.993;29.76037;1.000734
data/IMG/robocam_2020_09_03_08_41_51_313.jpg;15;0;0;1.236353;137.0868;104.2099;359.9803;31.00031;1.008225
data/IMG/robocam_2020_09_03_08_41_51_363.jpg;15;0;0;1.232809;137.126;104.2392;359.9717;31.82285;1.014212
data/IMG/robocam_2020_09_03_08_41_51_413.jpg;15;0;0;1.227574;137.1839;104.2839;359.9636;33.04691;1.01913
data/IMG/robocam_2020_09_03_08_41_51_463.jpg;15;0;0;1.223954;137.2218;104.3143;359.9611;33.85968;1.021829
data/IMG/robocam_2020_09_03_08_41_51_513.jpg;15;0;0;1.218389;137.2778;104.3608;359.9607;35.07686;1.026367
data/IMG/robocam_2020_09_03_08_41_51_563.jpg;15;0;0;1.214766;137.3145;104.3923;359.9651;35.88643;1.026201
data/IMG/robocam_2020_09_03_08_41_51_613.jpg;15;0;0;1.209491;137.3685;104.4405;359.9769;37.09824;1.022296
data/IMG/robocam_2020_09_03_08_41_51_663.jpg;15;0;0;1.205748;137.4037;104.4732;359.9811;37.90882;1.025238
data/IMG/robocam_2020_09_03_08_41_51_712.jpg;15;0;0;1.200584;137.4553;104.5229;359.9833;39.11996;1.03301
data/IMG/robocam_2020_09_03_08_41_51_762.jpg;15;0;0;1.197106;137.4891;104.5566;359.9858;39.92427;1.036531
data/IMG/robocam_2020_09_03_08_41_51_813.jpg;15;0;0;1.192003;137.5387;104.6077;359.9911;41.12326;1.038161
data/IMG/robocam_2020_09_03_08_41_51_862.jpg;15;0;0;1.188325;137.571;104.6422;359.9918;41.92324;1.042695
data/IMG/robocam_2020_09_03_08_41_51_913.jpg;15;0;0;1.183211;137.6184;104.6946;359.9943;43.1143;1.046272
data/IMG/robocam_2020_09_03_08_41_51_963.jpg;15;0;0;1.179741;137.6493;104.7299;-0.002959366;43.9082;1.047388
data/IMG/robocam_2020_09_03_08_41_52_012.jpg;15;0;0;1.174512;137.6945;104.7836;-0.001238239;45.0961;1.049398
data/IMG/robocam_2020_09_03_08_41_52_063.jpg;15;0;0;1.171347;137.724;104.8196;-0.001370867;45.88193;1.044046
data/IMG/robocam_2020_09_03_08_41_52_113.jpg;15;0;0;1.166112;137.7669;104.8743;359.9924;47.06313;1.045381
data/IMG/robocam_2020_09_03_08_41_52_163.jpg;15;0;0;1.162723;137.7948;104.9111;359.9895;47.84482;1.04331
data/IMG/robocam_2020_09_03_08_41_52_213.jpg;15;0;0;1.157575;137.8355;104.9668;359.9872;49.01528;1.037884
data/IMG/robocam_2020_09_03_08_41_52_262.jpg;15;0;0;1.154404;137.862;105.0042;359.986;49.7914;1.033442
data/IMG/robocam_2020_09_03_08_41_52_313.jpg;15;0;0;1.149248;137.9005;105.0609;359.9803;50.95641;1.03148
data/IMG/robocam_2020_09_03_08_41_52_363.jpg;15;0;0;1.145914;137.9254;105.099;359.9784;51.7307;1.027809
data/IMG/robocam_2020_09_03_08_41_52_413.jpg;15;0;0;1.140857;137.9617;105.1565;359.9741;52.88926;1.022572
data/IMG/robocam_2020_09_03_08_41_52_463.jpg;15;0;0;1.137745;137.9853;105.1951;359.972;53.65633;1.017464
data/IMG/robocam_2020_09_03_08_41_52_513.jpg;15;0;0;1.13266;138.0192;105.2534;359.964;54.81012;1.016244
data/IMG/robocam_2020_09_03_08_41_52_563.jpg;15;0;0;1.129378;138.0412;105.2924;359.9599;55.57363;1.012565
data/IMG/robocam_2020_09_03_08_41_52_613.jpg;15;0;0;1.124377;138.0732;105.3514;359.9565;56.71693;1.004622
data/IMG/robocam_2020_09_03_08_41_52_663.jpg;15;0;0;1.121109;138.0936;105.3909;359.9515;57.47867;1.002325
data/IMG/robocam_2020_09_03_08_41_52_712.jpg;15;0;0;1.116286;138.1233;105.4504;359.9459;58.61509;0.9968246
data/IMG/robocam_2020_09_03_08_41_52_762.jpg;15;0;0;1.113018;138.1423;105.4903;359.9419;59.37229;0.9935039
data/IMG/robocam_2020_09_03_08_41_52_813.jpg;15;0;0;1.10829;138.1698;105.5504;359.9392;60.50008;0.9836198
data/IMG/robocam_2020_09_03_08_41_52_862.jpg;15;0;0;1.104862;138.1874;105.5906;359.9359;61.25281;0.979726
data/IMG/robocam_2020_09_03_08_41_52_913.jpg;15;0;0;1.1001;138.2126;105.6511;359.928;62.38006;0.9770836
data/IMG/robocam_2020_09_03_08_41_52_963.jpg;15;0;0;1.096901;138.2287;105.6915;359.9229;63.12847;0.9746001
data/IMG/robocam_2020_09_03_08_41_53_013.jpg;15;0;0;1.092233;138.2519;105.7524;359.9193;64.24277;0.9655517
data/IMG/robocam_2020_09_03_08_41_53_063.jpg;15;0;0;1.088836;138.2665;105.7931;359.916;64.98651;0.9618185
data/IMG/robocam_2020_09_03_08_41_53_113.jpg;15;0;0;1.084118;138.2874;105.8542;359.9087;66.1004;0.9590577
data/IMG/robocam_2020_09_03_08_41_53_162.jpg;15;0;0;1.080951;138.3006;105.895;359.9043;66.84004;0.9564462
data/IMG/robocam_2020_09_03_08_41_53_212.jpg;15;0;0;1.076336;138.3195;105.9564;359.9018;67.94148;0.9472592
data/IMG/robocam_2020_09_03_08_41_53_263.jpg;15;0;0;1.072977;138.3313;105.9973;359.8995;68.67665;0.9432819
data/IMG/robocam_2020_09_03_08_41_53_313.jpg;15;0;0;1.068313;138.348;106.0588;359.894;69.77769;0.9399248
data/IMG/robocam_2020_09_03_08_41_53_363.jpg;15;0;0;1.065186;138.3584;106.0998;359.8907;70.50888;0.9369925
data/IMG/robocam_2020_09_03_08_41_53_413.jpg;15;0;0;1.060458;138.373;106.1613;359.8865;71.60135;0.9315298
data/IMG/robocam_2020_09_03_08_41_53_462.jpg;15;0;0;1.057347;138.382;106.2023;359.8828;72.32797;0.9292027
data/IMG/robocam_2020_09_03_08_41_53_512.jpg;15;0;0;1.052737;138.3945;106.2638;359.876;73.41541;0.9274738
data/IMG/robocam_2020_09_03_08_41_53_563.jpg;15;0;0;1.049636;138.4022;106.3048;359.8723;74.13756;0.9253482
data/IMG/robocam_2020_09_03_08_41_53_612.jpg;15;0;0;1.045121;138.4128;106.3662;359.8715;75.21313;0.9166188
data/IMG/robocam_2020_09_03_08_41_53_663.jpg;15;0;0;1.041833;138.4191;106.4072;359.8708;75.93113;0.9125322
data/IMG/robocam_2020_09_03_08_41_53_712.jpg;15;0;0;1.037271;138.4276;106.4685;359.8683;77.00645;0.9084328
data/IMG/robocam_2020_09_03_08_41_53_762.jpg;15;0;0;1.034219;138.4325;106.5093;359.867;77.72066;0.9049988
data/IMG/robocam_2020_09_03_08_41_53_813.jpg;15;0;0;1.029614;138.4391;106.5704;359.8657;78.78792;0.8988508
data/IMG/robocam_2020_09_03_08_41_53_863.jpg;15;0;0;1.026582;138.4427;106.611;359.864;79.49769;0.8957984
data/IMG/robocam_2020_09_03_08_41_53_913.jpg;15;0;0;1.022091;138.4473;106.6718;359.8604;80.55977;0.8926558
data/IMG/robocam_2020_09_03_08_41_53_963.jpg;15;0;0;1.019075;138.4497;106.7122;359.8586;81.26511;0.889719
data/IMG/robocam_2020_09_03_08_41_54_013.jpg;15;0;0;1.014519;138.4524;106.7727;359.8568;82.31911;0.8840116
data/IMG/robocam_2020_09_03_08_41_54_063.jpg;15;0;0;1.01152;138.4535;106.8129;359.855;83.02011;0.8810497
data/IMG/robocam_2020_09_03_08_41_54_112.jpg;15;0;0;1.007076;138.4543;106.873;359.8516;84.06911;0.8777696
data/IMG/robocam_2020_09_03_08_41_54_163.jpg;15;0;0;1.004094;138.4542;106.9129;359.8501;84.76582;0.8746561
data/IMG/robocam_2020_09_03_08_41_54_213.jpg;15;0;0;0.9995945;138.4532;106.9725;359.8488;85.80701;0.8686547
data/IMG/robocam_2020_09_03_08_41_54_263.jpg;15;0;0;0.9966321;138.4519;107.0121;359.8474;86.4995;0.8653749
data/IMG/robocam_2020_09_03_08_41_54_313.jpg;15;0;0;0.9922438;138.449;107.0713;359.8449;87.53576;0.8614601
data/IMG/robocam_2020_09_03_08_41_54_363.jpg;15;0;0;0.9893011;138.4465;107.1105;359.8438;88.22403;0.85795
data/IMG/robocam_2020_09_03_08_41_54_412.jpg;15;0;0;0.984862;138.442;107.1691;359.8432;89.25265;0.8514233
data/IMG/robocam_2020_09_03_08_41_54_462.jpg;15;0;0;0.9819396;138.4383;107.208;359.8423;89.93674;0.8477217
data/IMG/robocam_2020_09_03_08_41_54_513.jpg;15;0;0;0.9776099;138.432;107.266;359.8405;90.96036;0.8430946
data/IMG/robocam_2020_09_03_08_41_54_562.jpg;15;0;0;0.9747069;138.4272;107.3045;359.8398;91.64026;0.8391761
data/IMG/robocam_2020_09_03_08_41_54_613.jpg;15;0;0;0.9703302;138.4193;107.3619;359.8397;92.65634;0.8321363
data/IMG/robocam_2020_09_03_08_41_54_662.jpg;15;0;0;0.9674479;138.4134;107.3999;359.8392;93.33209;0.8280663
data/IMG/robocam_2020_09_03_08_41_54_713.jpg;13.48494;0;0;0.9635707;138.4041;107.4567;359.8385;94.30527;0.816905
data/IMG/robocam_2020_09_03_08_41_54_763.jpg;11.24646;0;0;0.9620053;138.398;107.4945;359.8394;94.85214;0.7948383
data/IMG/robocam_2020_09_03_08_41_54_812.jpg;11.95534;0;0;0.959157;138.3885;107.551;359.8387;95.61362;0.7580974
data/IMG/robocam_2020_09_03_08_41_54_863.jpg;14.21345;0;0;0.9556723;138.3811;107.5883;359.8366;96.21085;0.7474325
data/IMG/robocam_2020_09_03_08_41_54_912.jpg;15;0;0;0.9502389;138.3689;107.6437;359.832;97.19751;0.744097
data/IMG/robocam_2020_09_03_08_41_54_963.jpg;15;0;0;0.9473158;138.3602;107.6803;359.8299;97.86053;0.7419588
data/IMG/robocam_2020_09_03_08_41_55_013.jpg;15;0;0;0.9430087;138.3464;107.7349;359.8281;98.85214;0.7384061
data/IMG/robocam_2020_09_03_08_41_55_063.jpg;15;0;0;0.9401747;138.3367;107.771;359.8269;99.51172;0.7370253
data/IMG/robocam_2020_09_03_08_41_55_113.jpg;15;0;0;0.9359714;138.3215;107.8248;359.8251;100.4987;0.7362479
data/IMG/robocam_2020_09_03_08_41_55_163.jpg;15;0;0;0.9331543;138.3108;107.8604;359.8248;101.1543;0.7352816
data/IMG/robocam_2020_09_03_08_41_55_213.jpg;15;0;0;0.9289075;138.2942;107.9134;359.8254;102.1342;0.7331294
data/IMG/robocam_2020_09_03_08_41_55_263.jpg;15;0;0;0.9261087;138.2826;107.9484;359.8258;102.7859;0.7323563
data/IMG/robocam_2020_09_03_08_41_55_313.jpg;15;0;0;0.9219592;138.2645;108.0004;359.8261;103.7609;0.7320812
data/IMG/robocam_2020_09_03_08_41_55_363.jpg;15;0;0;0.91918;138.252;108.0348;359.8269;104.4085;0.7312754
data/IMG/robocam_2020_09_03_08_41_55_413.jpg;15;0;0;0.9149935;138.2327;108.086;359.829;105.3764;0.7291254
data/IMG/robocam_2020_09_03_08_41_55_463.jpg;15;0;0;0.9122351;138.2193;108.1198;359.83;106.0199;0.728146
data/IMG/robocam_2020_09_03_08_41_55_513.jpg;15;0;0;0.9081462;138.1987;108.17;359.8312;106.9827;0.7272795
data/IMG/robocam_2020_09_03_08_41_55_563.jpg;15;0;0;0.9054087;138.1845;108.2032;359.8324;107.6221;0.725979
data/IMG/robocam_2020_09_03_08_41_55_613.jpg;15;0;0;0.9012862;138.1626;108.2524;359.8346;108.5776;0.7229422
data/IMG/robocam_2020_09_03_08_41_55_663.jpg;15;0;0;0.8985702;138.1476;108.2849;359.8357;109.2128;0.7212658
data/IMG/robocam_2020_09_03_08_41_55_713.jpg;15;0;0;0.8945436;138.1245;108.3332;359.8366;110.1631;0.7192152
data/IMG/robocam_2020_09_03_08_41_55_763.jpg;15;0;0;0.8918484;138.1087;108.365;359.8375;110.7941;0.717087
data/IMG/robocam_2020_09_03_08_41_55_812.jpg;15;0;0;0.8877897;138.0845;108.4122;359.8391;111.7372;0.7127769
data/IMG/robocam_2020_09_03_08_41_55_863.jpg;15;0;0;0.8851149;138.068;108.4434;359.8397;112.364;0.7102114
data/IMG/robocam_2020_09_03_08_41_55_912.jpg;15;0;0;0.8811486;138.0426;108.4895;359.8398;113.3018;0.7068078
data/IMG/robocam_2020_09_03_08_41_55_962.jpg;15;0;0;0.8784934;138.0254;108.5199;359.8401;113.9245;0.7037973
data/IMG/robocam_2020_09_03_08_41_56_013.jpg;15;0;0;0.8744948;137.999;108.5651;359.8408;114.855;0.6982286
data/IMG/robocam_2020_09_03_08_41_56_062.jpg;15;0;0;0.8718591;137.9811;108.5948;359.8408;115.4736;0.6948389
data/IMG/robocam_2020_09_03_08_41_56_113.jpg;15;0;0;0.8679487;137.9537;108.6388;359.8401;116.3989;0.6902387
data/IMG/robocam_2020_09_03_08_41_56_162.jpg;15;0;0;0.865331;137.9352;108.6678;359.8398;117.0134;0.6865124
data/IMG/robocam_2020_09_03_08_41_56_213.jpg;15;0;0;0.8613886;137.9068;108.7108;359.8396;117.9317;0.6799835
data/IMG/robocam_2020_09_03_08_41_56_263.jpg;15;0;0;0.8587888;137.8876;108.7391;359.8391;118.5421;0.6759985
data/IMG/robocam_2020_09_03_08_41_56_313.jpg;15;0;0;0.8549303;137.8584;108.781;359.8377;119.4552;0.6705757
data/IMG/robocam_2020_09_03_08_41_56_363.jpg;15;0;0;0.8523471;137.8386;108.8085;359.8371;120.0616;0.6664037
data/IMG/robocam_2020_09_03_08_41_56_412.jpg;15;0;0;0.8484573;137.8084;108.8493;359.8364;120.9679;0.6593643
data/IMG/robocam_2020_09_03_08_41_56_462.jpg;14.24774;0;0;0.8458911;137.7881;108.8762;359.8358;121.56;0.6534878
data/IMG/robocam_2020_09_03_08_41_56_513.jpg;11.99724;0;0;0.8433712;137.7577;108.9164;359.8358;122.3503;0.6318768
data/IMG/robocam_2020_09_03_08_41_56_562.jpg;9.788189;0;0;0.8420787;137.7377;108.9433;359.8362;122.78;0.6051381
data/IMG/robocam_2020_09_03_08_41_56_613.jpg;7.497153;0;0;0.8399529;137.7078;108.9837;359.8357;123.3046;0.5517106
data/IMG/robocam_2020_09_03_08_41_56_663.jpg;5.247424;0;0;0.8384643;137.6883;109.0108;359.835;123.5533;0.5036433
data/IMG/robocam_2020_09_03_08_41_56_712.jpg;3.029687;0.09777296;0;0.8303213;137.6593;109.0517;359.8358;123.8286;0.4184868
data/IMG/robocam_2020_09_03_08_41_56_763.jpg;0.7731181;0.2482109;0;0.8405107;137.6401;109.0798;359.8511;123.9874;0.3499383
data/IMG/robocam_2020_09_03_08_41_56_813.jpg;0;0.3993452;0;0.8348991;137.6114;109.1222;359.8774;124.0091;0.2414057
data/IMG/robocam_2020_09_03_08_41_56_862.jpg;0;0.5471882;0;0.8686399;137.5913;109.1519;359.934;123.9821;0.1714783
data/IMG/robocam_2020_09_03_08_41_56_913.jpg;0;0.699558;0;0.8961666;137.5602;109.1979;0.05107915;124.0522;0.07130986
data/IMG/robocam_2020_09_03_08_41_56_963.jpg;0;0.8498851;0;0.9062808;137.5387;109.2295;0.1490213;124.1213;0.009260537
data/IMG/robocam_2020_09_03_08_41_57_014.jpg;0;0.99993;0;0.9514639;137.5046;109.2796;0.3565917;124.1018;359.9248
data/IMG/robocam_2020_09_03_08_41_57_063.jpg;0;1;0;0.9840777;137.4805;109.3147;0.5228156;124.1136;359.8856
data/IMG/robocam_2020_09_03_08_41_57_113.jpg;0;1;0;1.031641;137.4429;109.3693;0.7765976;124.1074;359.8624
data/IMG/robocam_2020_09_03_08_41_57_163.jpg;0;1;0;1.063116;137.4169;109.4071;0.9532525;124.1203;359.8623
data/IMG/robocam_2020_09_03_08_41_57_213.jpg;0;1;0;1.108381;137.3764;109.4655;1.211755;124.1395;359.8953
data/IMG/robocam_2020_09_03_08_41_57_263.jpg;0;1;0;1.138994;137.3488;109.5043;1.312561;124.1587;359.9804
data/IMG/robocam_2020_09_03_08_41_57_313.jpg;0;1;0;1.191232;137.3095;109.5638;1.301364;124.1056;-0.001505644
data/IMG/robocam_2020_09_03_08_41_57_363.jpg;0;1;0;1.228394;137.2825;109.6041;1.244574;124.0562;-0.000462214
data/IMG/robocam_2020_09_03_08_41_57_413.jpg;0;1;0;1.276397;137.2403;109.6671;1.19832;124.0573;-0.0005082665
data/IMG/robocam_2020_09_03_08_41_57_463.jpg;0;1;0;1.307404;137.2111;109.7108;1.19578;124.0506;-0.0004397091
data/IMG/robocam_2020_09_03_08_41_57_512.jpg;0;1;0;1.353469;137.1655;109.7788;1.228893;124.0425;-0.0005103805
data/IMG/robocam_2020_09_03_08_41_57_563.jpg;0;1;0;1.382475;137.1343;109.8253;1.251084;124.037;-0.0009427908
data/IMG/robocam_2020_09_03_08_41_57_613.jpg;0;1;0;1.429023;137.0864;109.8968;1.267227;124.0293;-0.00101285
data/IMG/robocam_2020_09_03_08_41_57_662.jpg;0;1;0;1.460864;137.0538;109.9457;1.265769;124.0239;-0.001023684
data/IMG/robocam_2020_09_03_08_41_57_713.jpg;0;1;0;1.508353;137.0035;110.0207;1.253018;124.0115;-0.0009239773
data/IMG/robocam_2020_09_03_08_41_57_762.jpg;0;1;0;1.540409;136.9691;110.0722;1.252471;124.0019;-0.0009510376
data/IMG/robocam_2020_09_03_08_41_57_812.jpg;0;1;0;1.586475;136.916;110.1515;1.260587;123.9918;-0.0009948872
data/IMG/robocam_2020_09_03_08_41_57_863.jpg;0;1;0;1.616658;136.8799;110.2056;1.262933;123.9841;-0.0009757001
data/IMG/robocam_2020_09_03_08_41_57_912.jpg;0;1;0;1.663736;136.8244;110.2886;1.26503;123.9741;-0.001017653
data/IMG/robocam_2020_09_03_08_41_57_963.jpg;0;1;0;1.694454;136.7865;110.3453;1.266802;123.9667;-0.001025739
data/IMG/robocam_2020_09_03_08_41_58_013.jpg;0;1;0;1.740255;136.7285;110.4322;1.272738;123.9555;-0.001049654
data/IMG/robocam_2020_09_03_08_41_58_063.jpg;0;0.9006699;0;1.770197;136.689;110.4914;1.273854;123.9487;-0.001046612
data/IMG/robocam_2020_09_03_08_41_58_113.jpg;0;0.750694;0;1.808926;136.6287;110.5816;1.273139;123.939;-0.0006361917
data/IMG/robocam_2020_09_03_08_41_58_163.jpg;0;0.6006548;0;1.829461;136.588;110.6427;1.27086;123.9329;-0.000606355
data/IMG/robocam_2020_09_03_08_41_58_213.jpg;0;0.450694;0;1.852512;136.5264;110.7351;1.26495;123.9224;-0.0005063311
data/IMG/robocam_2020_09_03_08_41_58_263.jpg;0;0.302533;0;1.862643;136.4851;110.797;1.251644;123.9147;-0.0004772399
data/IMG/robocam_2020_09_03_08_41_58_313.jpg;0;0.150583;0;1.870109;136.4233;110.8898;1.208305;123.9033;-0.0004125978
data/IMG/robocam_2020_09_03_08_41_58_363.jpg;0;0.0006790161;0;1.87019;136.3823;110.9513;1.159116;123.8958;-0.0003479573
data/IMG/robocam_2020_09_03_08_41_58_413.jpg;0;0;0;1.864989;136.3213;111.0429;1.054783;123.8848;-0.0002496644
data/IMG/robocam_2020_09_03_08_41_58_463.jpg;0;0;0;1.861171;136.2809;111.1037;0.9687117;123.8778;-0.0001279776
data/IMG/robocam_2020_09_03_08_41_58_513.jpg;0;0;0;1.85539;136.2206;111.1942;0.8216889;123.8678;0.0006026127
data/IMG/robocam_2020_09_03_08_41_58_563.jpg;0;0;0;1.851509;136.1805;111.2542;0.7151137;123.8627;0.003967889
data/IMG/robocam_2020_09_03_08_41_58_613.jpg;0;0;0;1.845632;136.1206;111.3439;0.5478222;123.858;0.01463851
data/IMG/robocam_2020_09_03_08_41_58_663.jpg;0;0;0;1.841679;136.0807;111.4034;0.4341982;123.857;0.02541914
